title,authors,year,doi,pdf_filename,pdf_on_hand,chunks_indexed,tables_figures_parsed
Anaerobic Digestion of Microalgal–Bacterial Consortia Biomass: Challenges and Prospects for Circular Wastewater Treatment,"Dębowski M., Kisielewska M., Zieliński M. et al.",2026,10.3390/app16052524,applsci-16-02524-v2.pdf,no,228,yes
Comparative assessment of thermal and alkaline pretreatments for enhanced solubilization of wastewater-derived microalgal biomass,"Lamberti G., Nariyoshi Y., Silveira D. et al.",2026,10.1007/s10668-025-07177-1,s10668-025-07177-1.pdf,no,113,yes
Exploring the future of photosynthetic biogas upgrading process,"Vargas-Estrada L., Muñoz R.",2026,10.1016/j.cosust.2026.101605,10.1016_j.cosust.2026.101605.pdf,no,7,yes
Harnessing microalgae and cyanobacteria for sustainable bioenergy Production: Integration of molecular engineering and AI-driven approaches,"Thajuddin F., Rasheed A., Elumalai A. et al.",2026,10.1016/j.renene.2025.123961,1-s2.0-S0960148125016258-main.pdf,no,88,yes
Machine learning and nutrient circular economy recovery for microalgae Chlorella Vulgaris biomass production,"Soo A., Gao L., Shon H.",2026,10.1016/j.desal.2025.119735,1-s2.0-S0011916425012123-main.pdf,no,94,yes
Techno-economic analysis and life cycle assessment of a novel algae-based CCUS technology,"Sundar S., Kakodkar R., Pistikopoulos E.",2026,10.1016/j.compchemeng.2025.109409,10.1016_j.compchemeng.2025.109409.pdf,no,11,yes
A critical review of the microalgae and cyanobacteria-based biofertilizers: An insight into the cost effectiveness of different algae cultivation strategies,"Rahman A., Fares A., Veettil A. et al.",2025,10.1016/j.eti.2025.104480,critical_review_microalgae_cyanobacteria.pdf,yes,155,yes
"A review on techno-economic assessment of Spirulina for sustainable nutraceutical, medicinal, environmental, and bioenergy applications","Musa M., Jirgi G., Zango Z. et al.",2025,10.1186/s40643-025-00888-3,review_technoeconomic_assessment_spirulina.pdf,yes,150,yes
A Review on the Production of Sustainable Aviation Fuels from Biomass and Wastes using Pyrolysis Technologies: Part I JOHNSON MATTHEY,"Rony M., Rangon M., Uddin M.",2025,10.1595/205651325X17411019785188,review_production_sustainable_aviation.pdf,yes,61,yes
A Simplified Methodology for Solvent Screening in Selective Extraction of Lipids from Microalgae Based on Hansen Solubility Parameters,"Tsioptsias C., Mitis S., Rentzela A. et al.",2025,10.3390/molecules30224428,simplified_methodology_solvent.pdf,yes,89,yes
Advanced conversion technologies for resource recovery from waste biomass: Applications and emerging trends,"Thamarai P., Kamalesh R., Shaji A. et al.",2025,10.1016/j.chemosphere.2025.144515,advanced_conversion_technologies_resource.pdf,yes,125,yes
Advances in Algae-Based Bioplastics: From Strain Engineering and Fermentation to Commercialization and Sustainability,"Sarker N., Kaparaju P.",2025,10.3390/fermentation11100574,advances_algae_based_bioplastics.pdf,yes,140,yes
Advances in Chlorella microalgae for sustainable wastewater treatment and bioproduction,"Abuhasheesh Y., Ghazal A., Tang D. et al.",2025,10.1016/j.ceja.2025.100715,advances_chlorella_microalgae.pdf,yes,92,yes
Algae to Biofuels: Catalytic Strategies and Sustainable Technologies for Green Energy Conversion,"Rai S., Kim G., Song H.",2025,10.3390/catal15090806,algae_biofuels_catalytic.pdf,yes,112,yes
An integrated technoeconomic and environmental assessment of biomethane production via anaerobic digestion of food waste in Ireland: Updated insights under market volatility,"Martínez-Arce A., Kargupta W., Domínguez C. et al.",2025,10.1016/j.seta.2025.104563,integrated_technoeconomic_environmental.pdf,yes,81,yes
Anaerobic microbial core for municipal wastewater treatment — the sustainable platform for resource recovery,"Conall Holohan B., Trego A., Keating C. et al.",2025,10.1016/j.copbio.2025.103317,anaerobic_microbial_core_municipal.pdf,yes,63,yes
Analysis of Modifications to an Outdoor Field-Scale Rotating Algal Biofilm Reactor with a Focus on Biomass Productivity and Power Usage,"Haag D., Heck P., Sims R.",2025,10.3390/bioresourbioprod1010004,analysis_modifications_outdoor.pdf,yes,61,yes
Application of Fe-NPs for Enhancing Methane Production in an Anaerobic Biogas Plant,"Kumar S., Wang S., Keerio H.",2025,10.1021/acsomega.4c11502,application_fenps_enhancing_methane.pdf,yes,146,yes
"Artificial Intelligence in Biofuels: Progress, Trends, and Directions","Hosseini M., Amirfakhri S., Ghiaasiaan R.",2025,10.1002/cbdv.202500430,AI_biofuels_progress.pdf,yes,210,yes
Benchmarking commercially available value-added fractions with potential for production via microalgae-based biorefineries: is it worth it?,"Ferreira F., Ortigueira J., Reis A. et al.",2025,10.1186/s13068-025-02633-6,benchmarking_commerically_available.pdf,yes,86,yes
Bioeconomy-Based Approaches for the Microbial Valorization of Citrus Processing Waste,"Stavrakakis I., Melidis P., Kavroulakis N. et al.",2025,10.3390/microorganisms13081891,bioeconomybased_approaches_microbial_valorization.pdf,yes,62,yes
Bioelectromics of a photosynthetic microalgae assisted microbial fuel cell for wastewater treatment and value added production,"Ahirwar A., Khan M., Khandelwal P. et al.",2025,10.1038/s41598-025-13271-1,s41598-025-13271-1.pdf,no,166,yes
Breaking the barriers towards large-scale microalgae-based bio-hydrogen production,"Koko I., Ibrahim E., Almomani F. et al.",2025,10.1016/j.ijhydene.2025.152133,breaking_barriers_largescale_microalgae.pdf,yes,128,yes
Breaking the barriers towards large-scale microalgae-based bio-hydrogen production,"Koko I., Ibrahim E., Almomani F. et al.",2025,10.1016/j.ijhydene.2025.152133,1-s2.0-S0360319925051365-main.pdf,no,128,yes
Characteristics of Phages and Their Interactions With Hosts in Anaerobic Reactors,"Zeng Y., Zhong X., Chen Y. et al.",2025,10.1111/1462-2920.70040,Environmental Microbiology - 2025 - Zeng - Characteristics of Phages and Their Interactions With Hosts in Anaerobic.pdf,no,83,yes
"CO2 from biogas: valorisation, economic and environmental impacts in circular carbon systems","Sahota S., Lombardi L., Singh D. et al.",2025,10.1007/s11157-025-09755-1,co2_biogas_valorisation.pdf,yes,154,yes
Comparative bibliometric analysis of biohydrogen and biomethane production from anaerobic fermentation of brewery byproducts,"Sganzerla W., Sillero L., Forster‐Carneiro T. et al.",2025,10.1002/bbb.70016,comparative_bibliometric_analysis_biohydrogen.pdf,yes,113,yes
Current advances in microalgae-based fucoxanthin production and downstream processes,"Budiarso F., Leong Y., Chang J. et al.",2025,10.1016/j.biortech.2025.132455,current_advances_microalgae_fucoxanthin.pdf,yes,105,yes
Demonstration and technoeconomic analysis of dodecanol production from acetate using metabolically engineered Escherichia coli,"Perkovich P., Cortés-Peña Y., Baerwald J. et al.",2025,10.1016/j.ymben.2025.10.007,demonstration_tea_dodecanol.pdf,yes,102,yes
Digestate dilution shapes carbohydrate and pigment production during microalgal and cyanobacterial-based biogas upgrading,"Ciani M., Vargas-Estrada L., Adessi A. et al.",2025,10.1016/j.algal.2025.104290,digestate_dilution_shapes_carb.pdf,yes,90,yes
Effect of light shielding on the photoinhibition of nitrifying bacteria immobilized on a light-shielding hydrogel,"Nishi K., Endo R., Matsuyama T. et al.",2025,10.2166/wst.2025.048,wst2025048.pdf,no,59,yes
Effects of municipal sludge composition on hydrothermal liquefaction products: Optimizing energy recovery via combination with anaerobic digestion,"Liu H., Basar I., Eskicioglu C.",2025,10.1016/j.cej.2025.170645,effect_municipal_sludge.pdf,yes,87,yes
Enhancing electricity generation and pollutant degradation in microbial fuel cells using cyanobacteria-derived biochar electrodes,"Zhang W., Xu D., Zhao Y. et al.",2025,10.1016/j.biortech.2024.132000,1-s2.0-S0960852424017048-main.pdf,no,89,yes
Enhancing Volatile Fatty Acid Accumulation in Seaweed-Arrested Anaerobic Digestion via a Two-Tier Framework of Engineering Diagnostics and Microbial Surveillance,"Zhao Z., Liu S., Nikkhah H. et al.",2025,10.1101/2025.10.06.680780,enhancing_vfa_seaweed.pdf,yes,147,yes
Eradicating microplastics in wastewater: microalgae as a sustainable strategy,"Silva P., Sousa P., Simões M. et al.",2025,10.1016/j.scitotenv.2025.180366,eradicating_microplastics_wastewater.pdf,yes,84,yes
Extra peptidase of a cyanophage confers its stronger lytic effect on bloom-forming Microcystis aeruginosa,"Ke F., Liu A., Zhang Q.",2025,10.1016/j.ijbiomac.2025.140979,1-s2.0-S0141813025015284-main.pdf,no,97,yes
Extraction of degraded proteins from red and green macroalgae using ultrasonic-assisted extraction and Fenton's reagent in combination,"Lin C., Chang C., Fan C. et al.",2025,10.1016/j.crfs.2025.101085,extraction_degraded_proteins.pdf,yes,93,yes
Fractionation of Squid Pens with Ionic Liquids─An Upgraded β-Chitin and Shellfish Protein Production,"Nakasu P., Piccoli V., Ovejero-Pérez A. et al.",2025,10.1021/acssuschemeng.4c04217,fractionation_squid_pens.pdf,yes,132,yes
Hydrothermal Carbonization of Microalgae Biomass from Wastewater Treatment: Effects of Acid Pretreatment,"Oliveira A., Assemany P., Jackeline de Siqueira C. et al.",2025,10.1021/acsomega.5c02582,hydrothermal_carbonization_microalgae_biomass.pdf,yes,121,yes
Hydrothermal Co-Liquefaction of Drift Macroalgal Biomass and Single Use Plastic Wastes: Optimizing Aqueous Phase Valorization for Enhanced Energy Recovery,"Mahadevan V., Subramani R., Rusho M. et al.",2025,10.1021/acsomega.5c09245,hydrothermal_coliquefaction.pdf,yes,153,yes
Hydrothermal Treatment of Digestates: Challenges and Perspectives,"Abdelfatah-Aldayyat E., Gómez X.",2025,10.3390/environments12100347,hydrothermal_treatment_digestates.pdf,yes,105,yes
Insights on microalgae-based technologies with potential impact on global methane budget – Perspectives for industrial applications,"Madureira L., Soares A., Duarte M. et al.",2025,10.1016/j.biortech.2025.132591,insights_microalgaebased_technologies.pdf,yes,110,yes
Integrated Approach for Biomass Conversion Using Thermochemical Routes with Anaerobic Digestion and Syngas Fermentation,"Hidalgo D., Urueña A., Martín-Marroquín J. et al.",2025,10.3390/su17083615,integrated_approach_biomass_conversion.pdf,yes,69,yes
"Integrating anaerobic digestate effluent into microalgal systems for renewable biomass and wastewater treatment: Effects of dilution, C/N ratio, and growth modelling","Jhouhanggir D., Pertiwiningrum A., Fitriyanto N. et al.",2025,10.1016/j.rineng.2025.106044,integrating_ad_effluent_microalgal.pdf,yes,85,yes
Integration of dairy manure wastewater treatment and biofuel production by microalgae-bacteria consortia in a biofilm reactor,"Chu Y., Jiao X., Li D. et al.",2025,10.1016/j.algal.2025.103912,1-s2.0-S2211926425000219-main.pdf,no,92,yes
"Life-Cycle Emissions and Human Health Implications of Multi-Input, Multi-Output Biorefineries","Nordahl S., Moore M., Baral N. et al.",2025,10.1021/acs.est.4c12920,lifecycle_emissions_humanhealth.pdf,yes,107,yes
Machine learning-assisted synthetic biology of cyanobacteria and microalgae,"Jin W., Wang F., Chen L. et al.",2025,10.1016/j.algal.2025.103911,1-s2.0-S2211926425000207-main.pdf,no,76,yes
"Membrane-Based CO2 Capture Across Industrial Sectors: Process Conditions, Case Studies, and Implementation Insights","Park J., Heo S., Yeo J. et al.",2025,10.3390/membranes15070200,membrane_based_co2_capture.pdf,yes,86,yes
Microalgae valorisation in different production sectors: A systematic review of life cycle assessment studies,"Dolci G., Puricelli S., Crippa I. et al.",2025,10.1016/j.algal.2025.104377,microalgae_valorisation_different.pdf,yes,102,yes
"Microalgae-bacteria synergy in photosynthetic bio-electrochemical systems supports nitrogen transformation, microbial dynamics and greenhouse gas mitigation","Oon Y., Oon Y., Ayaz M. et al.",2025,10.1038/s43247-025-02815-y,s43247-025-02815-y.pdf,no,112,yes
"Microalgae-Based Wastewater Treatment and Biomass Valorization: Insights, Challenges, and Opportunities from 15 Years of Research","Calijuri M., Do Couto E., Assemany P. et al.",2025,10.1021/acsomega.5c04364,microalgae_based_wastewater_treatment.pdf,yes,228,yes
Microalgal biorefineries: a systematic review of technological trade-offs and innovation pathways,"Geng Y., Shaukat A., Azhar W. et al.",2025,10.1186/s13068-025-02694-7,microalgal_biorefineries_systematic_review.pdf,yes,76,yes
Phage therapy for environmental biotechnology applications,"Singh S., Samson R., Hassard F.",2025,10.3389/fmicb.2025.1621103,fmicb-16-1621103.pdf,no,77,yes
Probiotics and Postbiotics Derived from Saline/Marine Plant-Based Feedstocks,"Rudnyckyj S., Thomsen M.",2025,10.1007/s12602-025-10617-z,probiotics_postbiotics_derived.pdf,yes,83,yes
Regulatory Mechanisms of Electron Supply Modes for Acetate Production in Microbial Electrosynthesis System,"Zhang C., Cao Q., Zhang J. et al.",2025,10.1021/acssuschemeng.4c08968,regulatory-mechanisms-of-electron-supply-modes-for-acetate-production-in-microbial-electrosynthesis-system.pdf,no,133,yes
Scholars Journal of Engineering and Technology Exploring Integrated Biogas Solutions for Industrial Processes: An Advanced Approach towards Renewable Energy,"Johnson N., Kelvin A., V J. et al.",2025,10.36347/sjet.2025.v13i02.007,exploring_integrated_biogas_solutions.pdf,yes,153,yes
Spent Coffee Grains (SCG) to biofuels: a comparative techno-economic evaluation for hydrogen and methane production,"Ozturk A., Jakovljevic N., Semaan G. et al.",2025,10.1016/j.biombioe.2025.108220,scg_biofuels_comparative.pdf,yes,84,yes
Substantially Improved Microbial Electrosynthesis of Methane Achieved by Improving Hydrogen Retention and Flow Distribution through Porous Electrodes,"Bian B., Yu N., Yun N. et al.",2025,10.1021/acs.est.5c02329,substantially-improved-microbial-electrosynthesis-of-methane-achieved-by-improving-hydrogen-retention-and-flow.pdf,no,116,yes
Superfood potential of Chlorella vulgaris: productivity and antioxidant boost under simulated moon and microgravity conditions,"Fais G., Ghiani F., Dessì D. et al.",2025,10.1038/s41526-025-00550-4,s41526-025-00550-4.pdf,no,125,yes
"Synergistic Conversion and Catalytic Upgrading of Seaweed Biomass for Sustainable Bioenergy: Advances, Challenges, and Future Prospects","Xu Q., Zhang S., Xian S.",2025,10.3390/catal15111008,syngergistic_conversion_catalytic_upgrading.pdf,yes,69,yes
The performance of integrating solar-biomass energy in wastewater treatment plants (WWTPs): A review paper,"Alomar O., ElMekkawy T., AlMomani F.",2025,10.1016/j.clwas.2025.100422,performance_integrating_solarbiomass.pdf,yes,101,yes
The quintessence of algal biomass in bioplastic production: insightful advancement and sustainable use,"Iqbal K., Mishra A., Sreedharan S.",2025,10.1186/s40643-025-00908-2,quintessence_algal_biomass.pdf,yes,13,no
The versatility of algae in addressing the global sustainability challenges,"Das B., Bhattarai A.",2025,10.3389/fbioe.2025.1621817,versatility_algae_addressing_global.pdf,yes,92,yes
Toward complete and sustainable biogas valorization: Ectoine synthesis using a methanotroph-microalgae consortium,"El Ibrahimi M., Khan M., Ruiz-Ruiz P. et al.",2025,10.1016/j.jece.2025.120093,toward_complete_sustainable_biogas_valorization.pdf,yes,74,yes
Towards sustainable bio-oil Production: Recycling and separation techniques applied to the aqueous phase byproduct of algae biomass hydrothermal liquefaction,"Gharibian S., Errico M., Christensen K.",2025,10.1016/j.seppur.2025.134493,towards_sustainable_biooil.pdf,yes,93,yes
Two years of outdoor cultivation in alternate climates produces little divergence in the productivity of Nannochloropsis,"Jebali A., Kaur H., Martinez H. et al.",2025,10.1016/j.scitotenv.2025.179587,twoyears_outdoor_cultivation.pdf,yes,73,yes
Uncovering the enhanced antioxidant defense of the desert cyanobacterium Chroococcidiopsis sp. CCMEE 029: A step forward to its use in space life support,"Di Stefano G., Fagliarone C., Locato V. et al.",2025,10.1016/j.algal.2025.104287,1-s2.0-S2211926425003984-main.pdf,no,67,yes
Utilization of fish sludge and aquaculture effluent water from Norway for nutrient and energy recovery,"Böpple H., Brussino G., Engel A. et al.",2025,10.1016/j.rcradv.2025.200256,utilization_fish_sludge.pdf,yes,61,yes
Waste valorization strategies with inputs for microalgae biorefineries: A global review,Melikoglu M.,2025,10.1016/j.clwat.2025.100125,waste_valorization_strategies_inputs.pdf,yes,94,yes
3G-biorefinery from olive oil pomace: Biocapture of CO2 from biogas and lipid production,"Paz A., Domínguez J., Converti A. et al.",2024,10.1016/j.algal.2024.103423,3g_biorefinery_olive_oil.pdf,yes,56,yes
A comparative assessment of sewage sludge valorization via anaerobic digestion and supercritical water gasification: A techno-economic case study in Norway,"Ochieng R., Gebremedhin A., Sarker S.",2024,10.1016/j.jwpe.2024.106016,comparative_assessment_sewage.pdf,yes,71,yes
A Comprehensive Review on Biomethane Production from Biogas Separation and its Techno‐Economic Assessments,"Swinbourn R., Li C., Wang F.",2024,10.1002/cssc.202400779,comprehensive_review_biomethane_production.pdf,yes,326,yes
A critical review of biochar versus hydrochar and their application for H2S removal from biogas,"Vuppaladadiyam A., Jena M., Hakeem I. et al.",2024,10.1007/s11157-024-09700-8,critical_review_biochar_vs_hydrochar.pdf,yes,204,yes
"A review of biological processing technologies for palm oil mill waste treatment and simultaneous bioenergy production at laboratory scale, pilot scale and industrial scale applications with technoeconomic analysis","Dominic D., Baidurah S.",2024,10.1016/j.ecmx.2025.100914,review_biological_processing_technologies.pdf,yes,65,yes
A review on microbes mediated resource recovery and bioplastic (polyhydroxyalkanoates) production from wastewater,"Ahuja V., Singh P., Mahata C. et al.",2024,10.1186/s12934-024-02430-0,review_microbes_mediated.pdf,yes,80,yes
Advanced biomethane potential from local sources in Italy,"Giocoli A., Carbone C., Pierro N. et al.",2024,10.1016/j.jenvman.2025.126154,advanced_biomethane_potential_italy.pdf,yes,101,yes
Advances in Biomass and Microbial Lipids Production: Trends and Prospects,"Costa G., Martinez-Burgos W., dos Reis G. et al.",2024,10.3390/pr12122903,advances_biomass_microbial_lipids.pdf,yes,135,yes
Advances in Biorefinery of Cattle Manure for Value-Added Products,"Chuenchart W., Timilsina A., Ge J. et al.",2024,10.3390/fermentation10110568,advances_biorefinery_cattle.pdf,yes,61,yes
Advances in polyhydroxyalkanoate (PHA) production from renewable waste materials using halophilic microorganisms: A comprehensive review,"Ben Abdallah M., Saadaoui I., Al-Ghouti M. et al.",2024,10.1016/j.scitotenv.2025.178452,advances_pha_production.pdf,yes,96,yes
Agricultural Waste Valorization: Exploring Environmentally Friendly Approaches to Bioenergy Conversion,"Ufitikirezi J., Filip M., Ghorbani M. et al.",2024,10.3390/su16093617,agricultural_waste_valorization.pdf,yes,82,yes
Algae Biofilm Produced from Anaerobic Digester Wastewater Demonstrated as Biofertilizer for Dwarf Wheat,"Watson P., Sims R.",2024,10.9734/jeai/2025/v47i23267,algae_biofilm.pdf,yes,24,yes
Algae-derived electrodes in bioelectrochemical systems,"Baek G., Lee J.",2024,10.1016/j.jece.2024.112535,1-s2.0-S2213343724006651-main.pdf,no,67,yes
Algal Biorefinery to Produce High-Value Carotenoids and Bioenergy,"Sarker N., Kaparaju P.",2024,10.1007/978-3-031-52319-9_2,algal_biorefinery_carotenoids.pdf,yes,55,yes
Antimicrobial and Ecological Potential of Chlorellaceae and Scenedesmaceae with a Focus on Wastewater Treatment and Industry,"Ilieva Y., Zaharieva M., Kroumov A. et al.",2024,10.3390/fermentation10070341,antimicrobial_ecological_potential_chlorellaceae.pdf,yes,148,yes
Application of computational fluid dynamics in optimizing microalgal photobioreactors,"Amanna B., Bahri P., Moheimani N.",2024,10.1016/j.algal.2024.103718,application_computational_fluid_dynamics.pdf,yes,96,yes
Bacterial–microalgal consortia for bioremediation of textile industry wastewater and resource recovery for circular economy,"Rathour R., Sharma D., Ullah S. et al.",2024,10.1186/s44314-024-00005-2,bacterial_microalgal_consortia_bioremediation.pdf,yes,78,yes
Bioconversion of the invasive seaweed Rugulopteryx okamurae into enzymes and polyhydroxyalkanoates,"Romero-Vargas A., Cala K., Blandino A. et al.",2024,10.1016/j.algal.2024.103587,bioconversion_invasive_seaweed_rugulopteryx.pdf,yes,67,yes
Biofuel production for circular bioeconomy: Present scenario and future scope,"Ye Y., Guo W., Ngo H. et al.",2024,10.1016/j.scitotenv.2024.172863,biofuel_production_circular.pdf,yes,76,yes
"Biofuel production from marine macroalgae: Pathways, technologies, and sustainable energy solutions","Hemavathy R., Ragini Y., Shruthi S. et al.",2024,10.1016/j.indcrop.2024.120282,biofuel_production_marine_macroalgae.pdf,yes,99,yes
Biofuel production: exploring renewable energy solutions for a greener future,El-Araby R.,2024,10.1186/s13068-024-02571-9,biofuel_production_exploring_renewable.pdf,yes,129,yes
Bioprospecting marine microalgae as sustainable bio-factories for value-added compounds,"Selvam J., Mal J., Singh S. et al.",2024,10.1016/j.algal.2024.103444,bioprospecting_marine_microalgae.pdf,yes,107,yes
Biorefinery-based sustainability assessment of macroalgae waste valorization to polylactic acid: Exergy and exergoeconomic perspectives,"Tan Y., Tan I., Foo H. et al.",2024,10.1016/j.bej.2024.109219,biorefinerybased_sustainability_assessment_macroalgae.pdf,yes,104,yes
Biotechnological Approaches to Improve Algal Biofuel and Biochemical Production,"Kumar L., Mohan L., Anand R. et al.",2024,10.1007/978-3-031-52319-9_15,biotech_approaches_improve_algal_biofuel.pdf,yes,88,yes
Challenges and opportunities toward a sustainable bio‐based chemical sector in Europe,"Rinke Dias de Souza N., Groenestege M., Spekreijse J. et al.",2024,10.1002/wene.534,challenges_opportunities_biobased.pdf,yes,192,yes
Co-utilization of microalgae and heterotrophic microorganisms improves wastewater treatment efficiency,"Takahashi M., Karitani Y., Yamada R. et al.",2024,10.1007/s00253-024-13309-w,s00253-024-13309-w.pdf,no,57,yes
"Comprehensive Advancements in Hydrogel, and Its Application in Microalgae Cultivation and Wastewater Treatment","Yang G., Zhang J., Abdullah R. et al.",2024,10.4014/jmb.2407.07038,jmb-35-e2407038.pdf,no,49,yes
Development and implementation of a simulated microgravity setup for edible cyanobacteria,"Ellena G., Fahrion J., Gupta S. et al.",2024,10.1038/s41526-024-00436-x,s41526-024-00436-x.pdf,no,97,yes
Dual roles of photosynthetic hydrogel with sustained oxygen generation in promoting cell survival and eradicating anaerobic infection,"Kang J., Liang Y., Liu J. et al.",2024,10.1016/j.mtbio.2024.101197,1-s2.0-S2590006424002588-main.pdf,no,147,yes
Effect of ulvan extraction and process temperature on dark fermentation of the marine macroalgae Ulva,"Lawrence J., Oliva A., Murphy J. et al.",2024,10.1016/j.fuel.2024.133404,effect_ulvan_extraction.pdf,yes,78,yes
Efficient polyhydroxybutyrate production using acetate by engineered Halomonas sp. JJY01 harboring acetyl-CoA acetyltransferase,"Park J., Jeon J., Yang Y. et al.",2024,10.1016/j.ijbiomac.2023.127475,1-s2.0-S0141813023043726-main.pdf,no,77,yes
Emerging paradigms in sustainable shellfish aquaculture: Microalgae and biofloc technologies for wastewater treatment,"Wan Mahari W., Waiho K., Fazhan H. et al.",2024,10.1016/j.aquaculture.2024.740835,emerging_paradigms_sustainable_shellfish.pdf,yes,78,yes
Employing photocurable biopolymers to engineer photosynthetic 3D-printed living materials for production of chemicals,"Tóth G., Backman O., Siivola T. et al.",2024,10.1039/d3gc04264b,d3gc04264b.pdf,no,110,yes
Enhancing biogas production using ultrasound-assisted thermal pretreatment technology for anaerobic co-digestion of sewage sludge and microalgae substrates,,2024,10.22104/AET.2024.6691.1828,enhancing_biogas_production_ultrasound.pdf,yes,77,yes
Enhancing Sustainable Energy Through Cutting-Edge Waste Biorefinery Technologies,"Lee Y., Srinivaas M., Li I. et al.",2024,10.3390/reactions5040059,enhancing_sustainable_energy_cuttingedge.pdf,yes,166,yes
Exploitation of Waste Algal Biomass in Northern Italy: A Cost–Benefit Analysis,"Baldi A., Pronti A., Mazzanti M. et al.",2024,10.3390/pollutants4030027,exploitation_waste_algal_biomass.pdf,yes,126,yes
Exploring Sustainable Pathways For Wastewater Treatment: A Comprehensive Investigation Of Various Routes,,2024,,exploring_sustainable_pathways_wastewater.pdf,yes,83,yes
Exploring the biotechnological applications of Spirulina maxima: a comprehensive review,"Jacuinde-Ruíz J., González-Hernández J.",2024,10.1590/1519-6984.287134,exploring_biotechnological_applications_spirulina.pdf,yes,86,yes
Filamentous fungal pellets as versatile platforms for cell immobilization: developments to date and future perspectives,"Ogawa M., Moreno-García J., Barzee T.",2024,10.1186/s12934-024-02554-3,filamentous_fungal_pellets.pdf,yes,105,yes
Fixation of high concentration CO2 using Chlorella – Bacteria symbiosis system,"Chen C., Wang Y., Dai Q. et al.",2024,10.1016/j.jcou.2024.102803,1-s2.0-S2212982024001380-main.pdf,no,62,yes
Growth of Scenedesmus obliquus in anaerobically digested swine wastewater from different cleaning processes for pollutants removal and biomass production,"Tan X., Zhao Z., Gong H. et al.",2024,10.1016/j.chemosphere.2024.141515,1-s2.0-S0045653524004089-main.pdf,no,75,yes
Harnessing green tide Ulva biomass for carbon dioxide sequestration,"Park J., Lee H., De Saeger J. et al.",2024,10.1007/s11157-024-09705-3,harnessing_green_tide_ulva.pdf,yes,100,yes
Harnessing microalgae: Innovations for achieving UN Sustainable Development Goals and climate resilience,"Ahmad A., Ashraf S.",2024,10.1016/j.jwpe.2024.106506,harnessing_microalgae_innovations.pdf,yes,115,yes
Improving dairy manure hydrolysis and acidification through microbial community restructuring by adaptation to hyperthermophilic conditions,"Qiu Y., Gu X., Johnson Z. et al.",2024,10.1016/j.jclepro.2024.143487,improving_daily_manure_hydrolysis.pdf,yes,100,yes
Innovative design and operational strategies to improve CO2 mass transfer during photosynthetic biogas upgrading,"Hoyos E., Kuri R., Toda T. et al.",2024,10.1016/j.biortech.2023.129955,1-s2.0-S0960852423013834-main.pdf,no,78,yes
Integrating biochar in anaerobic digestion: Insights into diverse feedstocks and algal biochar,"Sirohi R., Kumar M., Vivekanand V. et al.",2024,10.1016/j.eti.2024.103814,integarting_biochar_ad.pdf,yes,101,yes
Integration of Digestate-Derived Biochar into the Anaerobic Digestion Process through Circular Economic and Environmental Approaches—A Review,"Zbair M., Limousy L., Drané M. et al.",2024,10.3390/ma17143527,integration_digestate_biochar.pdf,yes,146,yes
Kinetic modeling and optimization of biogas production from food waste and cow manure co-digestion,"Mohammadianroshanfekr M., Pazoki M., Pejman M. et al.",2024,10.1016/j.rineng.2024.103477,kinetic_modeling_optimization_biogas_production.pdf,yes,85,yes
Life cycle and techno-economic assessment of bioresource production from wastewater,"Clack K., Rajagopal D., Hoek E.",2024,10.1038/s41545-024-00314-9,lifecycle_technoeconomic_bioresource.pdf,yes,122,yes
Life cycle sustainability assessment of microbial oil from organic waste,"Abelleira S., Cruz P., Iribarren D.",2024,10.1016/j.cesys.2024.100236,lifecycle_sustainability_assessment_microbial.pdf,yes,57,yes
Life-cycle and economic assessments of microalgae biogas production in suspension and biofilm cultivation systems,"Xu Y., Wei C., Liu D. et al.",2024,10.1016/j.biortech.2024.130381,10.1016_j.biortech.2024.130381.pdf,no,11,yes
Methane production enhancement from Tetraselmis biomass co-digestion using frying oil residue as co-substrate and ultrasonication as pretreatment,"Feki F., Cherif M., Masmoudi M. et al.",2024,10.1016/j.eti.2023.103478,1-s2.0-S2352186423004741-main.pdf,no,72,yes
"Microalgae for bioremediation: advances, challenges, and public perception on genetic engineering","Calatrava V., Gonzalez-Ballester D., Dubini A.",2024,10.1186/s12870-024-05995-5,microalgae_bioremediation_advances.pdf,yes,48,yes
Microalgae-derived biolubricants: Challenges and opportunities,"Nguyen D., Johir M., Mahlia T. et al.",2024,10.1016/j.scitotenv.2024.176759,microalgae_derived_biolubricants.pdf,yes,105,yes
Microalgal biorefineries in sustainable biofuel production and other high-value products,"Dutta S., Kataki S., Banerjee I. et al.",2024,10.1016/j.nbt.2025.02.007,microalgal_biorefineries_sustainable_biofuel.pdf,yes,114,yes
Microbial upcycling of food waste using anaerobic digestion for energy and single cell protein production,"Piercy E., Ellis P., Guo M.",2024,10.1016/j.cofs.2024.101173,microbial_upcycling_food_waste.pdf,yes,74,yes
Nannochloropsis for the bioremediation of brewery side streams and co-production of aquaculture feed and bio-Fertiliser: A comprehensive review,"Brooke F., Ma Q., Rahimi M. et al.",2024,10.1016/j.algal.2025.104079,nannochloropsis_bioremediation_brewery.pdf,yes,110,yes
"Perspectives on Advancing Sustainable CO2 Conversion Processes: Trinomial Technology, Environment, and Economy","Vega L., Bahamon D., Alkhatib I.",2024,10.1021/acssuschemeng.3c07133,perspectives_advancing_sustainable_co2.pdf,yes,228,yes
Polyhydroxybutyrate Production from the Macroalga Rugulopteryx okamurae: Effect of Hydrothermal Acid Pretreatment,"Romero-Vargas A., Fdez-Güelfo L., Blandino A. et al.",2024,10.3390/jmse12071228,polyhydroxybutryrate_production_macroalga.pdf,yes,70,yes
Potentials for microalgae sequestration of carbon dioxide (CO2) from composting off-gas; a review,"Anyaoha K., Maletz R., Rückert A. et al.",2024,10.1016/j.rcradv.2024.200213,potentials_microalgae_sequestration_co2.pdf,yes,86,yes
Pre-Commercial Demonstration of a Photosynthetic Upgrading Plant: Investment and Operating Cost Analysis,"Ruiz Palomar C., García Álvaro A., Muñoz R. et al.",2024,10.3390/pr12122794,10.3390_pr12122794.pdf,no,9,yes
Prefeasibility Analysis of Different Anaerobic Digestion Upgrading Pathways Using Organic Kitchen Food Waste as Raw Material,"Agudelo-Patiño T., Ortiz-Sánchez M., Alzate C.",2024,10.3390/fermentation10060300,prefeasibility_analysis_different_ad.pdf,yes,118,yes
Ranking economic and environmental performance of feedstocks used in bio-based production systems,"Orfali D., Meramo S., Sukumara S.",2024,10.1016/j.crbiot.2025.100275,ranking_economic_environmental_performance.pdf,yes,81,yes
Recent advances in recirculating aquaculture systems and role of microalgae to close system loop,"Ende S., Henjes J., Spiller M. et al.",2024,10.1016/j.biortech.2024.131107,recent_advances_recirculating.pdf,yes,106,yes
Reduction and Reuse of Forestry and Agricultural Bio-Waste through Innovative Green Utilization Approaches: A Review,"Guo J., Zhang Y., Fang J. et al.",2024,10.3390/f15081372,reduction_reuse_forestry.pdf,yes,78,yes
Renewable Energy from Agricultural Waste: Biogas Potential for Sustainable Energy Generation in Nigeria’s Rural Agricultural Communities,Godfrey O.,2024,10.9734/jerr/2024/v26i121362,renewable_energy_agricultural_waste.pdf,yes,113,yes
Renewable Hydrogen from Biomass: Technological Pathways and Economic Perspectives,"Rey J., Mateos-Pedrero C., Longo A. et al.",2024,10.3390/en17143530,renewable_hydrogen_biomass.pdf,yes,152,yes
Review on techno-economics of hydrogen production using current and emerging processes: Status and perspectives,"Nemitallah M., Alnazha A., Ahmed U. et al.",2024,10.1016/j.rineng.2024.101890,review_technoeconomics_hydrogen_production.pdf,yes,180,yes
Reviewing the potential of anaerobic membrane bioreactors in wastewater treatment,"Ejike David Ugwuanyi, Zamathula Queen Sikhakhane Nwokediegwu, Michael Ayorinde Dada et al.",2024,10.30574/ijsra.2024.11.1.0290,reviewing_potential_anaerobic_membrane.pdf,yes,45,yes
Sargassum-to-energy: A review of bioethanol production and its significance in Ghana,"Owusu W., Marfo S., Osei H.",2024,10.1080/27658511.2023.2299541,sargassumtoenergy_ghana.pdf,yes,87,yes
Selecting optimal algal strains for robust photosynthetic upgrading of biogas under temperate oceanic climates,"Haider M., O'Higgins L., O'Shea R. et al.",2024,10.1016/j.biotechadv.2025.108581,selecting_optimal_algal_strains.pdf,yes,142,yes
"Sustainable Aviation Fuel from High-Strength Wastewater via Membrane-Assisted Volatile Fatty Acid Production: Experimental Evaluation, Techno-economic, and Life-Cycle Analyses","Wu H., Kim T., Ferdous S. et al.",2024,10.1021/acssuschemeng.4c00167,sustainable_aviation_fuel_wastewater.pdf,yes,111,yes
Sustainable Biotechnology Approaches Using Chlorella vulgaris's Biomass and Lipids as Biofuel Feedstock,"Singh H., Jain M., Dave K. et al.",2024,10.20944/preprints202405.0337.v1,sustainable_biotech_approaches_chlorella.pdf,yes,137,yes
"Sustainable utilization of oil palm residues and waste in nigeria: practices, prospects, and environmental considerations","Abogunrin-Olafisoye O., Adeyi O., Adeyi A. et al.",2024,10.1016/j.wmb.2024.01.011,sustainable_utilization_oil_palm.pdf,yes,81,yes
Techno-economic analysis of using microalgae to treat streams from fish RAS farming and replace fish meal: A case study,"Vázquez-Romero B., Villar-Navarro E., Perales J. et al.",2024,10.1016/j.jwpe.2024.104904,1-s2.0-S221471442400134X-main.pdf,no,87,yes
Techno-economic comparison of flocculation combined with dissolved air flotation versus sedimentation for microalgae harvesting,"Rao N., Beyer V., Thielemans W. et al.",2024,10.1016/j.algal.2024.103581,technoeconomic_comparison_flocculation.pdf,yes,73,yes
Techno-economic evaluation of biogas-fed SOFC systems with novel biogas purification and carbon capture technologies,"Ma C., Yu H., Monticone G. et al.",2024,10.1016/j.renene.2024.121302,technoeconomic_evalutation_biogasfed_sofc.pdf,yes,105,yes
Techno-economic feasibility study of macroalgae for anaerobic digestion,"Paul R., Melville L., Bature A. et al.",2024,10.1016/j.biteb.2024.101984,technoeconomic_feasibility_macroalgae_ad.pdf,yes,91,yes
Techno‐Economic Assessment of Biofuels Production From Sugarcane Bagasse,"Buthelezi A., Chetty M., Mohammadi A.",2024,10.1002/ese3.70178,technoeconomic_assessment_biofuels_sugar.pdf,yes,101,yes
Temporal Dynamics and Contribution of Phage Community to the Prevalence of Antibiotic Resistance Genes in a Full-Scale Sludge Anaerobic Digestion Plant,"Liu W., Xu C., Li T. et al.",2024,10.1021/acs.est.4c00712,temporal-dynamics-and-contribution-of-phage-community-to-the-prevalence-of-antibiotic-resistance-genes-in-a-full-scale (1).pdf,no,95,yes
Temporal Dynamics and Contribution of Phage Community to the Prevalence of Antibiotic Resistance Genes in a Full-Scale Sludge Anaerobic Digestion Plant,"Liu W., Xu C., Li T. et al.",2024,10.1021/acs.est.4c00712,temporal-dynamics-and-contribution-of-phage-community-to-the-prevalence-of-antibiotic-resistance-genes-in-a-full-scale.pdf,no,95,yes
Textile waste pretreatment for anaerobic digestion: a review and technology feasibility study,"Tharmarajah N., Shahbaz K., Baroutian S.",2024,10.1002/jctb.7728,textile_waste_pretreatment.pdf,yes,161,yes
The Hard Reality of Biogas Production through the Anaerobic Digestion of Algae Grown in Dairy Farm Effluents,"Hull-Cantillo M., Lay M., Glasgow G. et al.",2024,10.3390/fermentation10030137,hard_reality_biogas.pdf,yes,57,yes
The status of algal decarbonization in Southeast Asian region: a review,"Rehman Z., Punnaanan K., Nootong K. et al.",2024,10.1088/1748-9326/ad64ed,status_algal_decarbonization_southeast.pdf,yes,145,yes
Third-generation biomass for bioplastics: a comprehensive review of microalgae-driven polyhydroxyalkanoate production,"Saratale R., Cho S., Bharagava R. et al.",2024,10.18331/BRJ2024.11.4.5,third_generation_biomass.pdf,yes,151,yes
Towards maximizing biomass and lipid productivity: high-throughput screening assay for prospecting heterotrophic growth for new microalgal isolates,"Park S., Lee Y., Yun J. et al.",2024,10.1186/s12934-024-02550-7,towards_maximizing_biomass_lipid.pdf,yes,69,yes
Treatment of anaerobically digested swine manure using Chlorella vulgaris and bacteria in scaled-up systems,"Wang L., Zhang F., Ma X. et al.",2024,10.1016/j.algal.2024.103463,1-s2.0-S2211926424000754-main.pdf,no,78,yes
Turning Food Loss and Food Waste into Watts: A Review of Food Waste as an Energy Source,"Economou F., Voukkali I., Papamichael I. et al.",2024,10.3390/en17133191,turning_food_loss_watts.pdf,yes,103,yes
Upgrading algae waste into 3-D bio-cathode to enhance acetate synthesis by microbial electrosynthesis,"Cao Q., Zhang C., Wu P. et al.",2024,10.1016/j.cej.2024.156249,upgrading_algae_waste_3d.pdf,yes,108,yes
Upgrading biogas plants to produce microbial proteins for aquaculture feed,"Pesante G., Bolzonella D., Jelic A. et al.",2024,10.1016/j.jclepro.2024.142559,upgrading_biogas_plants_microbial.pdf,yes,81,yes
Use of Residual Lignocellulosic Biomass and Algal Biomass to Produce Biofuels,"Oliveira D., Mescouto V., Paiva R. et al.",2024,10.3390/ijms25158299,use_residual_lignocellulosic.pdf,yes,78,yes
Viral Communities Contribute More to the Lysis of Antibiotic-Resistant Bacteria than the Transduction of Antibiotic Resistance Genes in Anaerobic Digestion Revealed by Metagenomics,"Zhang J., Lu T., Song Y. et al.",2024,10.1021/acs.est.3c07664,viral-communities-contribute-more-to-the-lysis-of-antibiotic-resistant-bacteria-than-the-transduction-of-antibiotic.pdf,no,132,yes
Water-Energy Nexus Tool: A complete energy assessment model for wastewater treatment plants,"Nakkasunchi S., Brandoni C.",2024,10.1016/j.enconman.2025.120477,waterenergy_nexus_tool.pdf,yes,137,yes
An integrated approach for sustainable food waste management towards renewable resource production and GHG reduction,"Uen T., Rodríguez L.",2023,10.1016/j.jclepro.2023.137251,integrated_approach_food_waste_ghg.pdf,yes,114,yes
Analysis of photosynthetic pigments pathway produced by CO2-toxicity-induced Scenedesmus obliquus,"Yang Y., Zhao J., Song M. et al.",2023,10.1016/j.scitotenv.2022.161309,1-s2.0-S0048969722084133-main.pdf,no,89,yes
Anti-biofouling membranes via hydrogel electron beam modification – A fundamental and applied study,"Fischer K., Lohmann J., Schmidt E. et al.",2023,10.1016/j.colsurfa.2023.132044,1-s2.0-S0927775723011287-main.pdf,no,77,yes
Bioelectrochemical Systems (BES) for Biomethane Production—Review,"Horváth-Gönczi N., Bagi Z., Szuhaj M. et al.",2023,10.3390/fermentation9070610,bes_biomethane.pdf,yes,135,yes
"Biohythane production via anaerobic digestion process: fundamentals, scale-up challenges, and techno-economic and environmental aspects","Alavi-Borazjani S., da Cruz Tarelho L., Capela M.",2023,10.1007/s11356-024-34471-8,biohythane_production_anaerobic_digestion.pdf,yes,245,yes
Comparative techno-economic and life cycle analyses of synthetic “drop-in” fuel production from UK wet biomass,"Lilonfe S., Dimitriou I., Davies B. et al.",2023,10.1016/j.cej.2023.147516,comparative_technoeconomic_lifecycle.pdf,yes,145,yes
Contents Lists Available at Sciencedirect,"Wilson W., Haiges R., Christe K.",2023,10.2139/ssrn.4417034,1-s2.0-S0960852417304339-main.pdf,no,56,yes
Contents Lists Available at Sciencedirect,"Wilson W., Haiges R., Christe K.",2023,10.2139/ssrn.4417034,1-s2.0-S0960852424017048-main (1).pdf,no,89,yes
Contents Lists Available at Sciencedirect,"Wilson W., Haiges R., Christe K.",2023,10.2139/ssrn.4417034,1-s2.0-S0960852425005577-main.pdf,no,110,yes
Contents Lists Available at Sciencedirect,"Wilson W., Haiges R., Christe K.",2023,10.2139/ssrn.4417034,1-s2.0-S0960852425014890-main.pdf,no,76,yes
Contents Lists Available at Sciencedirect,"Wilson W., Haiges R., Christe K.",2023,10.2139/ssrn.4417034,1-s2.0-S0960852426001458-main.pdf,no,125,yes
Contents Lists Available at Sciencedirect,"Wilson W., Haiges R., Christe K.",2023,10.2139/ssrn.4417034,1-s2.0-S2211926425004011-main.pdf,no,90,yes
Contents Lists Available at Sciencedirect,"Wilson W., Haiges R., Christe K.",2023,10.2139/ssrn.4417034,1-s2.0-S2589014X26000861-main.pdf,no,73,yes
Current trends and future directions of global research on wastewater to energy: a bibliometric analysis and review,"Shi Z., Xing K., Rameezdeen R. et al.",2023,10.1007/s11356-024-32560-2,current_trends_global_wastewater.pdf,yes,108,yes
Effect of macronutrient levels on Chlorella vulgaris cultivation for long duration spaceflights and space settlements,"Aguda R., Stelly C., Fonseca L. et al.",2023,10.1016/j.actaastro.2023.02.031,1-s2.0-S0094576523000954-main.pdf,no,82,yes
Efficient utilization of monosaccharides from agri-food byproducts supports Chlorella vulgaris biomass production under mixotrophic conditions,"Angelini F., Bellini E., Marchetti A. et al.",2023,10.1016/j.algal.2023.103358,efficient_utilization_monosaccharides.pdf,yes,75,yes
Enabling deep-space experimentations on cyanobacteria by monitoring cell division resumption in dried Chroococcidiopsis sp. 029 with accumulated DNA damage,"Fagliarone C., Mosca C., Di Stefano G. et al.",2023,10.3389/fmicb.2023.1150224,fmicb-14-1150224.pdf,no,56,yes
Enhancing photosynthetic CO2 fixation in microbial electrolysis cell (MEC)-based anaerobic digestion for the in-situ biogas upgrading,"Sun C., Yu Q., Zhao Z. et al.",2023,10.1016/j.cej.2023.142341,enhancing_photosynthetic_co2_fixation.pdf,yes,64,yes
Evaluation of the algal-derived biochar as an anode modifier in microbial fuel cells,"Kumar A., Sharma K., Pandit S. et al.",2023,10.1016/j.biteb.2023.101414,1-s2.0-S2589014X23000853-main.pdf,no,78,yes
Feasibility of Nutrient Removal and Recovery from Abattoir Wastewater Using Microalgae,"Chaudry S., Alavianghavanini A., Darvehei P. et al.",2023,10.3390/en17020308,feasibility_nutrient_removal_abattoir.pdf,yes,68,yes
Growth of microalgae and cyanobacteria consortium in a photobioreactor treating liquid anaerobic digestate from vegetable waste,"Sobolewska E., Borowski S., Nowicka-Krawczyk P. et al.",2023,10.1038/s41598-023-50173-6,s41598-023-50173-6.pdf,no,93,yes
Hydrothermal liquefaction of wet microalgal biomass for biofuels and platform chemicals: advances and future prospects,"Deepika C., Mrinal, Pohrmen C. et al.",2023,10.1007/s42452-024-05911-4,hydrothermal_liquefaction_wet_microalgal.pdf,yes,164,yes
"Integrating microalgae growth in biomethane plants: Process design, modelling, and cost evaluation","Rossi S., Carecci D., Marazzi F. et al.",2023,10.1016/j.heliyon.2023.e23240,integrating_microalgae_growth_biomethane.pdf,yes,83,yes
Iron oxide nanoparticle-based pretreatment for simultaneous elevated hydrolysis efficiency and methanization augmentation of Chlorella vulgaris biomass,"Oraby S., Hegazy M., Labeeb H. et al.",2023,10.1016/j.algal.2023.102972,1-s2.0-S221192642300005X-main.pdf,no,57,yes
Life cycle assessment and techno-economic analysis of sustainable bioenergy production: a review,"Osman A., Fang B., Zhang Y. et al.",2023,10.1007/s10311-023-01694-z,lifecycle_assessment_technoeconomic.pdf,yes,195,yes
Life cycle assessment of power-to-methane and renewable methane production technologies,"Cho H., Strezov V., Evans T.",2023,10.1016/j.rser.2024.114856,lifecycle_assessment_powertomethane.pdf,yes,121,yes
Methane production enhancement from Tetraselmis biomass co-digestion using frying oil residue as co-substrate and ultrasonication as pretreatment,"Feki F., Cherif M., Masmoudi M. et al.",2023,10.1016/j.eti.2023.103478,methane_production_enhancement_tetraselmis.pdf,yes,72,yes
Microalgae contribution in enhancing the circular economy drive of biochemical conversion systems – A review,"Anyaoha K., Krujatz F., Hodgkinson I. et al.",2023,10.1016/j.crcon.2023.10.003,microalgae_contribution_enhancing.pdf,yes,92,yes
Microalgal cultivation on digestate: Process efficiency and economics,"Rossi S., Mantovani M., Marazzi F. et al.",2023,10.1016/j.cej.2023.141753,10.1016_j.cej.2023.141753.pdf,no,14,yes
Optimal integrated plant for renewable surfactants production from manure and CO2,"González-Núñez S., Martín M., Amador C.",2023,10.1016/j.bej.2023.109148,optimal_integrated_plant_renewable.pdf,yes,92,yes
Optimisation framework of biomass supply chain in southwest Nigeria,"Ogunrewo O., Nwulu N.",2023,10.1016/j.clet.2023.100711,optimization_framework_biomass_nigeria.pdf,yes,135,yes
Presence and role of viruses in anaerobic digestion of food waste under environmental variability,"Fan L., Peng W., Duan H. et al.",2023,10.1186/s40168-023-01585-z,s40168-023-01585-z.pdf,no,75,yes
Presentazione standard di PowerPoint,,2023,10.6092/issn.2281-4485/18498,impact_substrate_heterogeneity.pdf,yes,97,yes
Recent advances and fundamentals of microalgae cultivation technology,"Rozenberg J., Sorokin B., Mukhambetova A. et al.",2023,10.1002/biot.202300725,recent_advances_microalgae_cultivation.pdf,yes,142,yes
Sub-Supercritical Hydrothermal Liquefaction of Lignocellulose and Protein-Containing Biomass,"Shah A., Sharma K., Seehar T. et al.",2023,10.3390/fuels5010005,subsupercritical_hydrothermal_liquefaction.pdf,yes,63,yes
Techno-economic analysis of a circular microalgal approach for enhanced wastewater treatment and resource recovery in Northern Portugal,"Nobre M., Tavares D., Fraga C. et al.",2023,10.1016/j.jclepro.2023.140389,tea_circular_microalgal.pdf,yes,66,yes
The effects of influent chemical oxygen demand and strigolactone analog concentration on integral biogas upgrading and pollutants removal from piggery wastewater by different microalgae-based technologies,"Wang H., Wu B., Jiang N. et al.",2023,10.1016/j.biortech.2022.128483,1-s2.0-S0960852422018168-main.pdf,no,74,yes
The relevance of biomass‐based gases as energy carriers: A review,"Radosits F., Ajanovic A., Harasek M.",2023,10.1002/wene.527,relevance_biomass_gases_energy_carriers.pdf,yes,219,yes
A biophotoelectrode based on boronic acid-modified Chlorella vulgaris cells integrated within a redox polymer,"Herrero-Medina Z., Wang P., Lielpetere A. et al.",2022,10.1016/j.bioelechem.2022.108128,1-s2.0-S1567539422000792-main.pdf,no,63,yes
"Adsorption of lead(II) using bioadsorbent prepared from immobilized Gracilaria corticata algae: thermodynamics, kinetics and isotherm analysis","Mostafapour F., Mahvi A., Khatibi A. et al.",2022,10.5004/dwt.2022.28627,1-s2.0-S1944398624026122-main.pdf,no,75,yes
Advanced light-tolerant microalgae-nitrifying bacteria consortia for stable ammonia removal under strong light irradiation using light-shielding hydrogel,"Nishi K., Akizuki S., Toda T. et al.",2022,10.1016/j.chemosphere.2022.134252,1-s2.0-S0045653522007457-main.pdf,no,95,yes
Anaerobic digestion of food waste coupled with biogas upgrading in an outdoors algal-bacterial photobioreactor at pilot scale,"Marín D., Méndez L., Suero I. et al.",2022,10.1016/j.fuel.2022.124554,ad_food_waste_coupled.pdf,yes,87,yes
Anaerobic digestion of food waste coupled with biogas upgrading in an outdoors algal-bacterial photobioreactor at pilot scale,"Marín D., Méndez L., Suero I. et al.",2022,10.1016/j.fuel.2022.124554,1-s2.0-S001623612201403X-main.pdf,no,87,yes
Biogas Production Optimization in the Anaerobic Codigestion Process: A Critical Review on Process Parameters Modeling and Simulation Tools,"Kelif Ibro M., Ramayya Ancha V., Beyene Lemma D.",2022,10.1155/2024/4599371,biogas_production_optimization_anaerobic.pdf,yes,111,yes
Cyanophage infections reduce photosynthetic activity and expression of CO2 fixation genes in the freshwater bloom-forming cyanobacterium Aphanizomenon flos-aquae,"Antosiak A., Šulčius S., Malec P. et al.",2022,10.1016/j.hal.2022.102215,1-s2.0-S1568988322000440-main.pdf,no,61,yes
Development of microalgae-bacteria symbiosis system for enhanced treatment of biogas slurry,"Yan H., Lu R., Liu Y. et al.",2022,10.1016/j.biortech.2022.127187,1-s2.0-S0960852422005168-main.pdf,no,78,yes
"Elucidating the role of nanoparticles on photosynthetic biogas upgrading: Influence of biogas type, nanoparticle concentration and light source","Vargas-Estrada L., Hoyos E., Sebastian P. et al.",2022,10.1016/j.algal.2022.102899,1-s2.0-S2211926422002703-main.pdf,no,92,yes
Host Cyanobacteria Killing by Novel Lytic Cyanophage YongM: A Protein Profiling Analysis,"Zhang S., Zhao B., Li J. et al.",2022,10.3390/microorganisms10020257,microorganisms-10-00257.pdf,no,74,yes
"Life cycle assessment of microalgae systems for wastewater treatment and bioproducts recovery: Natural pigments, biofertilizer and biogas","Arashiro L., Josa I., Ferrer I. et al.",2022,10.1016/j.scitotenv.2022.157615,lifecycle_assessment_microalgae.pdf,yes,108,yes
Optimization of a Two-Species Microbial Consortium for Improved Mcl-PHA Production From Glucose–Xylose Mixtures,"Zhu Y., Ai M., Jia X.",2022,10.3389/fbioe.2021.794331,fbioe-09-794331.pdf,no,118,yes
Piggery wastewater treatment with algae-bacteria consortia: Pilot-scale validation and techno-economic evaluation at farm level,"Rossi S., Pizzera A., Bellucci M. et al.",2022,10.1016/j.biortech.2022.127051,10.1016_j.biortech.2022.127051.pdf,no,15,yes
"Protection and Damage Repair Mechanisms Contributed To the Survival of
            <i>Chroococcidiopsis</i>
            sp. Exposed To a Mars-Like Near Space Environment","Li C., Zhang X., Ye T. et al.",2022,10.1128/spectrum.03440-22,li-et-al-2022-protection-and-damage-repair-mechanisms-contributed-to-the-survival-of-chroococcidiopsis-sp-exposed-to-a.pdf,no,136,yes
Techno-economic analysis of a micro-scale biogas plant integrated with microalgae cultivation for the treatment of organic municipal waste,"Barbera E., Bertucco A., Nigam K. et al.",2022,10.1016/j.cej.2022.138323,10.1016_j.cej.2022.138323.pdf,no,11,yes
"The role of iron nanoparticles on anaerobic digestion: mechanisms, limitations, and perspectives","Hoffmann N., Fincheira P., Tortella G. et al.",2022,10.1007/s11356-022-23302-3,s11356-022-23302-3.pdf,no,73,yes
Convergent community structure of algal–bacterial consortia and its effects on advanced wastewater treatment and biomass production,"Qi F., Jia Y., Mu R. et al.",2021,10.1038/s41598-021-00517-x,s41598-021-00517-x.pdf,no,99,yes
Direct utilization of industrial carbon dioxide with low impurities for acetate production via microbial electrosynthesis,"Roy M., Yadav R., Chiranjeevi P. et al.",2021,10.1016/j.biortech.2020.124289,1-s2.0-S0960852420315637-main.pdf,no,64,yes
Integrating micro-algae into wastewater treatment: A review,"Mohsenpour S., Hennige S., Willoughby N. et al.",2021,10.1016/j.scitotenv.2020.142168,1-s2.0-S0048969720356977-main.pdf,no,107,yes
Living electrodes based on green algae in hydrogels,"Al-Mossawi M., Warren H., Molino P. et al.",2021,10.1039/d0ma00985g,d0ma00985g.pdf,no,95,yes
Revealing the role of conductive materials on facilitating direct interspecies electron transfer in syntrophic methanogenesis: A thermodynamic analysis,"Guo X., Chen H., Zhu X. et al.",2021,10.1016/j.energy.2021.120747,1-s2.0-S0360544221009956-main.pdf,no,81,yes
Uranium removal from complex mining waters by alginate beads doped with cells of Stenotrophomonas sp. Br8: Novel perspectives for metal bioremediation,"Sánchez-Castro I., Martínez-Rodríguez P., Abad M. et al.",2021,10.1016/j.jenvman.2021.113411,1-s2.0-S0301479721014730-main.pdf,no,67,yes
Valorization of volatile fatty acids derived from low-cost organic waste for lipogenesis in oleaginous microorganisms-A review,"Patel A., Sarkar O., Rova U. et al.",2021,10.1016/j.biortech.2020.124457,1-s2.0-S0960852420317314-main.pdf,no,69,yes
"Bio-electrochemical COD removal for energy-efficient, maximum and robust nitrogen recovery from urine through membrane aerated nitrification","De Paepe J., De Paepe K., Gòdia F. et al.",2020,10.1016/j.watres.2020.116223,1-s2.0-S0043135420307600-main.pdf,no,69,yes
Bio-Electrochemical Enhancement of Hydrogen and Methane Production in a Combined Anaerobic Digester (AD) and Microbial Electrolysis Cell (MEC) from Dairy Manure,"Hassanein A., Witarsa F., Lansing S. et al.",2020,10.3390/su12208491,bioelectrochemical_enhancement_hydrogen.pdf,no,48,yes
Engineering Native and Synthetic Pathways in <i>Pseudomonas putida</i> for the Production of Tailored Polyhydroxyalkanoates,"Mezzina M., Manoli M., Prieto M. et al.",2020,10.1002/biot.202000165,Biotechnology Journal - 2020 - Mezzina - Engineering Native and Synthetic Pathways in Pseudomonas putida for the Production.pdf,no,278,yes
Highly enriched N‐containing organic molecules of <i>Synechococcus</i> lysates and their rapid transformation by heterotrophic bacteria,"Zheng Q., Lin W., Wang Y. et al.",2020,10.1002/lno.11608,Limnology   Oceanography - 2020 - Zheng - Highly enriched N‐containing organic molecules of Synechococcus lysates and their.pdf,no,99,yes
Natural Pigments and Biogas Recovery from Microalgae Grown in Wastewater,"Arashiro L., Ferrer I., Pániker C. et al.",2020,10.1021/acssuschemeng.0c01106,natural_pigments_biogas.pdf,no,114,yes
"Viruses of freshwater bloom‐forming cyanobacteria: genomic features, infection strategies and coexistence with the host","Morimoto D., Šulčius S., Yoshida T.",2020,10.1111/1758-2229.12872,Environ Microbiol Rep - 2020 - Morimoto - Viruses of freshwater bloom‐forming cyanobacteria  genomic features  infection.pdf,no,105,yes
A Brief Review of Anaerobic Digestion of Algae for Bioenergy,"Milledge J., Nielsen B., Maneein S. et al.",2019,10.3390/en12061166,energies-12-01166.pdf,no,77,yes
Combining Microwave Pretreatment with Iron Oxide Nanoparticles Enhanced Biogas and Hydrogen Yield from Green Algae,"Zaidi A., Feng R., Malik A. et al.",2019,10.3390/pr7010024,processes-07-00024-v3.pdf,no,70,yes
Complex organic particulate artificial sewage (COPAS) as surrogate wastewater in anaerobic assays,"Prieto A., Criddle C., Yeh D.",2019,10.1039/C9EW00365G,ICES-2024-347.pdf,no,52,yes
"Enhanced production of biomass and lipids by Euglena gracilis via co-culturing with a microalga growth-promoting bacterium, Emticicia sp. EG3","Toyama T., Hanaoka T., Yamada K. et al.",2019,10.1186/s13068-019-1544-2,s13068-019-1544-2.pdf,no,67,yes
Growth performance and nutrient removal of a Chlorella vulgaris-Rhizobium sp. co-culture during mixotrophic feed-batch cultivation in synthetic wastewater,"Ferro L., Gojkovic Z., Muñoz R. et al.",2019,10.1016/j.algal.2019.101690,1-s2.0-S2211926419305107-main.pdf,no,62,yes
Magnetized algae-silica hybrid from Porphyridium sp. biomass with Fe3O4 particle and its application as adsorbent for the removal of methylene blue from aqueous solution,"Buhani, Hariyanti F., Suharso et al.",2019,10.5004/dwt.2019.23533,1-s2.0-S1944398624125258-main.pdf,no,64,yes
Methane yield enhancement of mesophilic and thermophilic anaerobic co-digestion of algal biomass and food waste using algal biochar_ Semi-continuous operation and microbial community analysis,"Zhang L., Li F., Kuroki A. et al.",2019,10.1016/j.biortech.2020.122892,methane_yield_enhancement.pdf,yes,66,yes
Modifying the microstructure of algae-based active carbon and modelling supercapacitors using artificial neural networks,"Wang J., Li Z., Yan S. et al.",2019,10.1039/c9ra01255a,c9ra01255a.pdf,no,169,yes
Techno-economic analysis of alternative aqueous phase treatment methods for microalgae hydrothermal liquefaction and biocrude upgrading system,"Zhu Y., Jones S., Schmidt A. et al.",2019,10.1016/j.algal.2019.101467,10.1016_j.algal.2019.101467.pdf,no,11,yes
The effect of primary treatment of wastewater in high rate algal pond systems: Biomass and bioenergy recovery,"Arashiro L., Ferrer I., Rousseau D. et al.",2019,10.1016/j.biortech.2019.01.096,effect_primary_treatment.pdf,no,73,yes
Upflow anaerobic sludge blanket in microalgae-based sewage treatment_ Co-digestion for improving biogas production,"Vassalle L., Díez-Montero R., Machado A. et al.",2019,10.1016/j.biortech.2019.122677,upflow_anaerobic_sludge_blanket.pdf,yes,72,yes
Energy production from waste: Evaluation of anaerobic digestion and bioelectrochemical systems based on energy efficiency and economic factors,"Beegle J., Borole A.",2018,10.1016/j.rser.2018.07.057,energy_production_waste.pdf,no,57,yes
Influence of alkalinity and temperature on photosynthetic biogas upgrading efficiency in high rate algal ponds,"Rodero M., Posadas E., Toledo-Cervantes A. et al.",2018,10.1016/j.algal.2018.06.001,1-s2.0-S2211926417310366-main.pdf,no,57,yes
Seasonal variation of biogas upgrading coupled with digestate treatment in an outdoors pilot scale algal-bacterial photobioreactor,"Marín D., Posadas E., Cano P. et al.",2018,10.1016/j.biortech.2018.04.117,seasonal_variation_biogas_upgrading.pdf,yes,68,yes
Spacecraft cabin environment effects on the growth and behavior of Chlorella vulgaris for life support applications,"Niederwieser T., Kociolek P., Klaus D.",2018,10.1016/j.lssr.2017.10.002,1-s2.0-S2214552417300780-main.pdf,no,68,yes
Coupling of anaerobic waste treatment to produce protein- and lipid-rich bacterial biomass,"Steinberg L., Kronyak R., House C.",2017,10.1016/j.lssr.2017.07.006,1-s2.0-S221455241730041X-main.pdf,no,75,yes
Evaluation of short-chain-length polyhydroxyalkanoate accumulation in Bacillus aryabhattai,"Balakrishna Pillai A., Jaya Kumar A., Thulasi K. et al.",2017,10.1016/j.bjm.2017.01.005,1-s2.0-S1517838216306463-main.pdf,no,49,yes
Screening of microalgae for integral biogas slurry nutrient removal and biogas upgrading by different microalgae cultivation technology,"Wang X., Bao K., Cao W. et al.",2017,10.1038/s41598-017-05841-9,s41598-017-05841-9.pdf,no,70,yes
Selective acetate production with CO 2 sequestration through acetogen-enriched sludge inoculums in anaerobic digestion,"Liu H., Shi J., Zhan X. et al.",2017,10.1016/j.bej.2017.02.008,selective_acetate_production.pdf,no,58,yes
Comprehensive techno-economic analysis of wastewater-based algal biofuel production: A case study,"Xin C., Addy M., Zhao J. et al.",2016,10.1016/j.biortech.2016.03.102,10.1016_j.biortech.2016.03.102.pdf,no,8,yes
Microbial community structure and succession of airborne microbes in closed artificial ecosystem,"Sun Y., Xie B., Wang M. et al.",2016,10.1016/j.ecoleng.2015.12.013,1-s2.0-S0925857415303268-main.pdf,no,59,yes
Performance of the Bio-electrochemical Anaerobic Digestion of Sewage Sludge at Different Hydraulic Retention Times,"Song Y., Feng Q., Ahn Y.",2016,10.1021/acs.energyfuels.5b02003,performance_bioelectrochemical_ad.pdf,no,69,yes
Pyrolytic cyanobacteria derived activated carbon as high performance electrode in symmetric supercapacitor,"Wang K., Cao Y., Wang X. et al.",2016,10.1016/j.energy.2015.10.047,1-s2.0-S0360544215014152-main.pdf,no,52,yes
Simultaneous biogas upgrading and centrate treatment in an outdoors pilot scale high rate algal pond,"Posadas E., Marín D., Blanco S. et al.",2016,10.1016/j.biortech.2017.01.071,simultaneous_biogas_upgrading_centrate.pdf,yes,67,yes
Wastewater treatment high rate algal ponds (WWT HRAP) for low-cost biofuel production,"Mehrabadi A., Craggs R., Farid M.",2015,10.1016/j.biortech.2014.11.004,wastewater_treatment_high.pdf,no,64,yes
"Gas equilibrium regulation by closed-loop photo bioreactor built on system dynamics, fuzzy inference system and computer simulation","Hu D., Li L., Li Y. et al.",2014,10.1016/j.compag.2014.02.002,1-s2.0-S0168169914000374-main.pdf,no,77,yes
"High rate algal pond systems for low-energy wastewater treatment, nutrient recovery and energy produ","Craggs R., Park J., Heubeck S. et al.",2014,10.1080/0028825X.2013.861855,high_rate_algal_pond.pdf,yes,66,yes
Anaerobic co-digestion of the marine microalga Nannochloropsis salina with energy crops,"Schwede S., Kowalczyk A., Gerber M. et al.",2013,10.1016/j.biortech.2013.08.157,1-s2.0-S0960852413014156-main.pdf,no,46,yes
Environmental and economic assessment of integrated systems for dairy manure treatment coupled with algae bioenergy production,"Zhang Y., White M., Colosi L.",2013,10.1016/j.biortech.2012.11.123,10.1016_j.biortech.2012.11.123.pdf,no,9,yes
Long-term anaerobic digestion of microalgae grown in HRAP for wastewater treatment. Effect of microwave pretreatment,"Passos F., Hernández-Mariné M., García J. et al.",2013,10.1016/j.watres.2013.10.013,longterm_ad_microalgae_hrap.pdf,yes,61,yes
Microalgal-Biotechnology As a Platform for an Integral Biogas Upgrading and Nutrient Removal from Anaerobic Effluents,"Bahr M., Díaz I., Dominguez A. et al.",2013,10.1021/es403596m,microalgal_biotech_platform.pdf,no,66,yes
A review of the harvesting of micro-algae for biofuel production,"Milledge J., Heaven S.",2012,10.1007/s11157-012-9301-z,s11157-012-9301-z.pdf,no,70,yes
Cyanophage Infection in the Bloom-Forming Cyanobacteria &lt;i&gt;Microcystis aeruginosa&lt;/i&gt; in Surface Freshwater,"Yoshida-Takashima Y., Yoshida M., Ogata H. et al.",2012,10.1264/jsme2.ME12037,27_ME12037.pdf,no,27,yes
"Technoeconomic analysis of an integrated microalgae photobioreactor, biodiesel and biogas production facility","Harun R., Davidson M., Doyle M. et al.",2011,10.1016/j.biombioe.2010.10.007,tea_integrated_microalgae_photobio.pdf,yes,42,yes
The techno-economic potential of renewable energy through the anaerobic digestion of microalgae,"Zamalloa C., Vulsteke E., Albrecht J. et al.",2011,10.1016/j.biortech.2010.09.017,technoeconomic_potential_renewable.pdf,yes,60,yes
Source Separation: Will We See a Paradigm Shift in Wastewater Handling?,"Larsen* T., Alder A., Eggen R. et al.",2009,10.1021/es803001r,a-new-planning-and-design-paradigm-to-achieve-sustainable-resource-recovery-from-wastewater.pdf,no,25,yes
Evidence for cyanophages active against bloom‐forming freshwater cyanobacteria,"DENG L., HAYES P.",2008,10.1111/j.1365-2427.2007.01947.x,Freshwater Biology - 2008 - DENG - Evidence for cyanophages active against bloom‐forming freshwater cyanobacteria.pdf,no,70,yes
Inhibition of anaerobic digestion process: A review,"Chen Y., Cheng J., Creamer K.",2008,10.1016/j.biortech.2007.01.057,1-s2.0-S0960852407001563-main.pdf,no,83,yes
Chemical Engineering Research and Design,,1999,10.1002/cjce.5450770323,1-s2.0-S0263876224005331-main.pdf,no,83,yes
Biotechnology advances,,1985,10.1016/0734-9750(85)90288-5,1-s2.0-S0734975025000679-main.pdf,no,142,yes
Enzyme and microbial technology,,1983,10.1016/0141-0229(83)90001-7,1-s2.0-S0141022925000560-main.pdf,no,92,yes
(title missing - see filename),,,,1-s2.0-S0032959201002308-main.pdf,no,62,yes
(title missing - see filename),,,,1-s2.0-S004313540100522X-main.pdf,no,38,yes
(title missing - see filename),,,,1-s2.0-S096014812500758X-main.pdf,no,78,yes
(title missing - see filename),,,,1-s2.0-S1385894724077404-main.pdf,no,108,yes
(title missing - see filename),,,,1-s2.0-S1385894725097578-main.pdf,no,90,yes
(title missing - see filename),,,,1-s2.0-S2213343725038710-main.pdf,no,119,yes
(title missing - see filename),,,,1-s2.0-S2666351122000158-main.pdf,no,63,yes
(title missing - see filename),,,,10.22034_gjesm.2025.04.05.pdf,no,96,yes
(title missing - see filename),,,,enhancing_methane_food_waste_fermentate.pdf,no,73,yes
(title missing - see filename),,,,s002849900267.pdf,no,38,yes
(title missing - see filename),,,,s11356-016-6224-1.pdf,no,63,yes
(title missing - see filename),,,,s11356-018-1989-z.pdf,no,55,yes
